text,label
get u talk u talk likea retard,1
@user @user get mentions stinky dyke,1
touice ching chang ching chong @url,1
@user note: requires absolute retard miss clam throw nobody pressuring first.,1
@user wanna see ur retarded dog,0
auto watch subhuman(?:w*arab)w*raghead zoe --autopull,1
@user ching chong,1
lol know mean! nigger got caught again. @url,1
@user @user i'm sheffield wednesday fan crap mood u sick twat evil bastard @user,1
pwi black guy laugh white friend right calls nigger.,0
@user okay ching chong,1
person thought female options pnd sounded retarded ? ,1
many mdsz's classical golden scenes cut stupid retarded shitty idea going @url,0
manny spic machado,1
@user still live there? every city sa informal settlements/ shacks common shithole countries.,1
@user advocate families separated forever criminal illegal aliens fit narrative,1
course safety net necesary that's basic principle civikized country.nno shithole country safet @url,0
@user think jack hobbs fairly mongy though.,1
@user ching chong lookin ass,1
@user @user @user @user @user @user @user @user dream faceless troll..what retard u r .,1
@user hey faggot :),1
remember always go full retard maybe back. @url,1
stop retweeting telling people stupid guys name made retarded statement twitch con. idk @url,1
like conspiracy theorist alt-right terrorist cunt gives fuck palestinians.,1
@user @user @user hahaha. one trump's shithole countries?,1
got emoted newgen reaper retard,0
killer: jews among leftist forces organizing migrant caravans. trump nationalist enough @url,1
would giving guns make feel better? nnyou gargantuan orange twat! @url,1
amnesty millions illegal aliens,0
@user act tiresome. literally accomplished nothing efforts thwart nazi cunt. @url,1
@user @user cd projekt ducking socially mongoloid.,1
cunt everyone smell it.,1
@user mn officers sign clock book clocks advanced retarded...!! ,1
think pittsburgh synagogue shooting hate related ... retarded.,0
@user keep energy nigger,1
retard triggered fire alarm 2 morning....,1
cause utter bs lying feminazi ford. @url,0
@user @user @user defense fucking retard,1
@user u dont negro,1
@user @user @user real women. feminazis. demean men fun ta @url,1
@user violence?you got mad year ago saying shithole countries. make minds. @url,1
@user trump hater retard like race first person say dumbest shit trumps daugh @url,1
also dog retarded @url,1
@user uni faggot,1
@user thanks win fucking mongoloid learn actually read understand rules stupid fucking scumbag,1
twitter shithole country @url,0
sarah silverman ... gone ... full left wing retard intelligence pussy hat wearing godless hate anything tr @url,1
@user gay retard,0
trump's shithole countries! let's put armed guards build wall every zip code america shal @url,1
@user @user back battle bus nigger,1
illegal immigrants come shithole countries @url,0
matt trap faggot #ps4sharenn@url @url,0
@user shut negro,1
karma fucking cunt ever fucking forget that.,0
@user @user stupid twat needs give back freedoms others fought for. stupid pos. h @url,1
yea like 4 generations lmao. practically sidekick broke ass faggot @url,1
say cunt dammit!! nit's see next tuesday ffs.,1
@user hey hey hey. watch it. got spic kids. . nn(no offense @user @user dads racist bastard).,1
@user bring disease. excised. great sorrow must destroyed.,0
lobatan! waec can't reissue another one? country indeed shithole. @url,0
@user republicans: keep hungry thirsty dark-skinned strangers walking shithole @url,1
right synagogues fault arming place worship guards. u retarded? @url,0
herenni two parts/a personnboricua/spicnpast presentnalive oppressedngiven cultural beautyn. . . @url,1
@user @user @user okay white.,0
@url follow faggot something @user,1
@user elitist. bet immigrants would rather sell drugs.,0
volkan looking like retarded cousin brian ortega #ufcmoncton,1
foto gaya ngewe negro homosexvidoes,0
@user yep. got place spic span thought well last naptime ends. nnand right.,0
cousins looks 18 hes mid 30s security asked whats secret negro say sm @url,1
semi ching chong song like @url,0
got first set grillz put em bottom faggot.,1
horrible cunt @url,1
catch hands overwatch meetup retard @url,0
retard spooky willy,1
ha looks like ching chong china man,1
smiling like retard  @url,1
good week/weekend. feel good cuz kitchen spic span!,0
@user @user @user grant asked come short notice retard picked @url,1
@user @user retarded tell 12 year olds video,1
@user hey thought hated called retard???,1
dis dyke finna get brutalized,0
@user hopefully also illegal aliens going back indigenous country &amp; awai @url,0
@user thats get eating pickles nigger,0
guys retarded,1
@user yep; that's quid pro quo peters supporting refugees,0
@user comes movie since saying retard unwoke replaced family friendly version,1
oliver's got full camel toe poor fucker,1
@user girl retarded  call thomas edison fuckboy ,1
4nwhen poor little kiddos get sicknwe want hospitals span-and-spic.nthis bond gives new chitsnfor tec @url,0
@user people retarded bro ,1
@user watch fall happy daddy claptrap. forgetting vile vicious cruelty refugees @url,0
@user @user @user woman. tool. make feel unsafe. how's retard.,1
@user acceptable even lion awake. takes special kind cunt trophy hunter,1
@user @user something terrible happens president allowed comment anything else?nnstop retarded.,1
@user ching ching chong :),1
antis: bts look like girls ching chong (plus racist shit),1
every time see fine ass dyke always mediocre fem ,1
@user soup taker no.1 fuckin mighty fallen. know fact went seville celtic daft. total twat.,1
kids better live balls shithole country.,1
joyeux anniversaire en retard league legends !,0
since must ohio shithole state. wants whole country follow! @url,1
@user bloody retard.. :),0
think women might retarded bro. like possesses y'all say shit y'all say? ,1
good news i'm afraid feminazi man hater f @url,1
wowpresents really taking faggot claws,1
@user sarah silverman gone full retard.,1
@user retard.,1
love pharmacists town even tho one total twat. helped cos pharmacist fawkn c @url,0
finished #makingamurderer 2. bobby dassey guilty. ken kratz cunt. kathleen zellner legend.  delores allen avery.,0
negro? @url,1
@user @user @user call n**** tell go back country!,1
@user suck dick lick ass faggot @url,1
man cant wait apprenticeship quit job leave shithole company maybe even gtfo country,1
debating whether call floor verbally abusive mega fish ends calling faggot healthy way live.,0
greatest country world. become shithole. breaks heart every day #vote @url,0
love wdw refugees refreshing reference @user,1
yeah ok nigger @url,1
1v1 riot shields round 11 cunt fuck game cunt,1
willy insipiyah artist dance grave ching chong bing bong  @url,1
memes team 10 conspiracy galactic faggot,1
@user yeah speak bit japanese ching chong bing bong egg rice he's fucking gone search,1
extra retarded time  @url,1
fucking show must go twat.,1
@user @user cunt rude yessi ignore,1
people insane. mohammed! lol. nworld's gone nuts shithole countries need nuked! @url,1
@user @user @user c'est amusant cette remarque parce que justement les migrants ceux qu'o @url,0
@user secret instagram that's main your're white girl say nigger you' @url,1
@user look demented retard attracted girl ,1
me: h-nnmy mom : know faggot disappintment,1
flacco sounds like fucking mongoloid going snap count,0
@user went full retard never go full retard @url,0
@user @user pay drugs subsidize cheap supply 3rd world shithole countrie @url,1
@user @user maggie twitter tonight one would think lesbian feminazi asexual.,1
love negro spirituals. lol dope new gospel getting played heavy rotation,1
@user yeah faggot!,1
@user america shithole country los angeles good.,1
@user @user i've never heard retard juice iml lmao fact makes much sense really brought,1
whey hey boring old trout mis pouting cunt blocked like telling truth @url,1
lol new spic rappers different,1
@user fuck edrepresed cjkt biggs faggot,1
time flies faggot,1
@user i'd probably vote really like vp i'm pc shit like cunt pills? gunny sacks? cool bro.,1
@user @user @user @user many ucl kante barca??nnu plastic mongy,1
@user actually candace normiecon retard career,1
meanwhile leftist globalist monsters trying blame hate crime trump too. know everyth @url,0
let's get twat banned. @url,1
lmao nigga retarded  still paid man  @url,0
@user @user @user dont come australian servers ching chong,1
@user feminazi detected,1
utter cunt !! @url,1
@user @user agree let ukrainian refugees better,1
@user bonge always going full retard. @url,0
cunt deserved @url,1
bring disease,1
@user @user @user plz stop singing vaishanav zana bla bla bla mongol warlord genghis khan @url,1
omg best #indian ever eaten. amazing. #sizzlerwatford #lovemyfood #foodcoma #spic #lush @user new shapla tandoor @url,1
@user sike ain't retarded @url,1
literally got ding dong ditched likely 12 year old faggot thats cracking right jake paul apparel,1
ching chong friends would @user @url,1
im racist much despise word nigger hilarious,1
@user answer phone faggot fuck,1
@user really want turn country shithole. going happen.,1
lyft drivers fucking retarded,1
@user @user ex6 suck dick can't even good side fucking big retard wonder ldlc suddenly b @url,1
@user mate dont u message like ffs instead tourney sharking ur playing retard worst rules game,1
would guy killed bunch jews support bernie sanders jew fucking broken brained retard @url,1
deaf blind retarded... leave alone @url,0
proper cunt blokes likely lost friend colleague fuckers already diving absolute @url,1
imagine school gender swap. would fun gay boy it. he'd called faggot @url,1
good thinking law enforcement spic uc honda accord eat shit say one word mind games fun th @url,0
@user @user stop shit jewish blood hands retard.nnred hats = blac @url,1
feel retarded cant,1
cannot believe i'm sluttyjock wrote sharing teamviewer password. really faggot? haha. pr @url,1
sometimes find crazy we're tiny spic dust whole universe,0
due unorthodox dietary requirements number refugees manus,0
@user thanks cunt ,1
damn retarded,1
@user rainmaker blackbelly makes want dienlike fuck huge retarded shape @url,1
@user @user @user @user stage one faggot: mylesnfaggot found,1
cunt.  need all. @url,1
=d =d =d =d =dni want bloke site (the chinaman)!!! lol =d =d =d @url,0
@user stupid spic,1
called donald rumsfeild raghead internet long time ago.,0
@user @user @user @user @user youre simply put angry feminazi.,1
wildebeest migration mara crossing safari #travel #africa #ttot @url,0
carrying retard boy @user @url,1
@user nigger jew,1
i'm proud big brudda lil kevin. nigga came outta jail put pressure. features. whole album go retarded,1
i'm fucking retarded,1
@user i'm man still retard.,1
wow @user fucking retard @url,1
mourinho self-centred twat,1
fun fact got called chink ching chongd 11th grade barely look asian white town,1
@user play dayyou deluded twat omd slap quickly remove,1
@user nigger,1
i've said i'll say sell dope straight bitch can't man get real job. fucking faggot.,1
@user thanks spic,1
@user @user @user show leftist terrorist attacks last two years. yet we've got mor @url,1
@user still bitter cunt. much interest arsenal? player player fod us get sold.,1
@user pub ya boring cunt! lighten mate,1
@user gotta pick spanish cus can't spic ass family butchering baby's name lmao,1
@user full twat,1
dumb faggot brokfool pretends get hit wagers he's gonna lose lmao,0
@user cal: see shithole countries running ruled demonrats! immigrants soon de @url,1
@user @user wolf blizzard seems almost retarded estimation.,1
@user lmfaooo nigga said nigger,1
@user girl give 3 days twitter cunt puts ass lockup again. @url,1
criticism soros actually attack jews? nreferring globalist akin saying dirty jew @url,1
would/should new chinese immigrants care chinatown strathcona?,0
baby knows potus #mongoloid,1
like remembernn nothing usnn retarded n @url,1
okay white motion suspiciously delayed - @url @url,1
lagged yo chill faggot fucking hell lol. killing ,1
@user @user getting illegal aliens illegally 'vote' dem voter fraud machine count.,0
@user @user @user dont compare us mongol nation. u compare ur nation kur @url,1
@user holy shit people retarded. halloween folks blood look like fucking cherry syrup.,1
beningging assert dominance ching chong 100 boundaries,1
@user @user @user florida shithole armpit united states. gulf @url,1
@user @user mongy american probably,1
zarco twat,1
@user youre gonna die nigger,1
@user bring nigger.,1
@user big sleepy twat ,1
@user still follow twat. see many times retweets ,1
@user lee hsien loong's career criminal chinaman 'regular talker' interrogated.n audibl @url,1
i'm sick seeing face news feed cunt.,1
asked mother murukku .. gave retarded one told perfect murukkus diwali ,1
oh old cunt,0
@user @user silly little cunt think people affected it. plus it' @url,1
@user @user rat apologized calling normani nigger ??????,0
@user deadass like need something new. call nigger tell cheatin,1
@user cunt embarrassment club,1
fucking scumbag cunt @url,1
get schwacked faggot. @user,1
bree went eat friday white lady behind us yelling spic bree derogatory te @url,1
we're fucked terrorist loving cunt gets power @url,1
@user nigga started lagging left retard,1
paul joseph watson stuck whiny incel cunt. keep tear jerking quit acting macho hero c @url,1
@user @user america anymore. we're third world shithole country run tyrants. see fast happened?,1
last night bar cunt pulled purge knife slight tug war @url,1
men fucking retarded,1
migraction 59 en faveur des migrants de calais @url via @user,0
@user crude leftist podcast uses word retard lot fan base made angr @url,1
shit country great want wave flag go back shithole leave us al @url,1
@user decided race indians carry caucasoid australoid mongoloid races intermedi @url,1
today's heated debate ... biggest twat ashley's appointees run #nufc - llambias charnley,1
@user yeah cunt ask i'm goin n shit,1
cute hate stupid ass dyke life @url,1
helped bring alc ae pi party faggot trying kick out. i've less min. fa @url,1
mongoloid literally said wrong place 15 times. @url,1
@user needs remind @user one million polish immigrants flooded britain exploited wor @url,1
fucking retard. @url,1
bitch idk thats thing like dicks removed used twat.... also left @url,1
1 box pencil mongol no.2 pencil case na may blessing ng holy water quiapo/st. jude.,0
found another liberal retard.  @url,1
s.o.b retard dangerous asshole planet! shame brasil! @url,1
@user one horrible fucking twat thing.,1
still surprised retard became president @url,1
trump's making country shithole millions millions people.,1
@user @user bother mostly spic,0
accurate. thank u nigger twink @url,1
@user skele boi far superior toothy mongoloid,1
@user @user so-called camo designed either colour-blind person utter retard neithe @url,1
keelah lil drunk ass retarded ,0
@user yeah dodge wager course shitter gig retard go get bruises dad,1
@user complete twat are!,1
dumb twat @url,1
boycott show goes full retard pc  fans debate future apu amid fresh speculation could w @url,1
dave roberts certified retard,0
went passed fancy dress shop southside n there's actual fucking bouncers outside ya cunt imagine kb'd @url,0
cousin making lunch date me: can't wait see pay every cunt,1
@user @user @user @user @user skipping shithole cities. ndetro @url,0
@user mean platonic dyke way @url,0
@user go make happen!! think one retarded...,1
sounds fucking retarded. idiots seriously get kick shit? jesus...,1
max meeting spider dyke today!!,0
ratted thing worse faggot,0
faggot sjdjdn @url,1
@user bet didnt kids call names tell go back country lol @url,1
@user @user @user literally spin circles mongol.,1
living real white got soul still spic !,1
#soberanalysis nshould viralnmsm gone full retard. @url,1
feed twat lions. @url,1
trevor belmont faggot yupp love,1
ching chong absolutely,1
@user i'd cover face retarded tweet like that.,1
@user nah. clearly joke know single thing person already seems like twat.,0
men democrats see rights illegal aliens ms-13 terrorists etc.,1
america another 8 years obama's ideology via hillary we'd well way shithole country.,0
guy mentally retarded? @url,1
@user whatever spic,1
@user ok cant fucking understand ur saying dont speak ching chong,0
&gt;orders ching chongn2018-10-25 12:49belgium item held customs awaiting presentation customs commissione @url,0
chuey makes laugh till stomach hurts love nigger lmao,1
@user @user fuck retard,1
@user @user happy bday mongoloid,1
full grown man fancy dress halloween? wank stain. certified twat.,0
@user @user ching chong wing kong mofucka!!,1
kinda wish retarded,1
@user @user @user trump orange presbyterian mongoloid.,1
@user mongy like,0
here's ur question faggot  - another faggot _ isnt fucking question faggot @url,0
1. fear mongering refugees loitering international waters waiting labo,0
@user @user back v fox let's debate u call foulest shithole world n btw @url,1
@user brand new van that! shiny spic span.,1
@user camerroonians celebrities  people surely want shout oh wanna look retarded,1
people still using ching chong insult asians lmfao y'all look stupid,1
listened shit lil spic  singing lyrics know @url,1
@user fucking raghead cunts,1
sort thing happens shithole country. @url,1
@user @user shut retard ,1
@user accept american refugees yet? i'm afraid safe millions americans stay co @url,1
@user hey spic kinkdom bigger get facts sending ur little puppets talk smacknnur server @url,1
@user bother we're close stuff people constantly make ching chong jokes hj @url,1
tbh wouldnt hard drain refugees europe. arent smart. make lot noise. draw @url,1
everyone busy helping refugees illegal aliens @url,0
@user wtf?!! event even ksa. nwho's mongoloid owns dumb account.,1
#kpop auto-tune ching chong,1
@user -time move russia- constantly confusing usa shithole gas station kl @url,1
psst...@user faggot,0
rakhi sawant dumb mentally retarded &amp; needs put away mental asylum. needs shut-up &amp; know @url,1
want punch face fucking much disrespectful ching chong,1
today asylum six iranian refugees. they're free live lives peace right,1
hacked dumbasses account lol.............. retard @url,1
get gc negro @user,1
@user @user @user low life people shithole countries. truth always flowers candy.,1
@user @user hes hun good computers. ignore twat,0
woman adult human female terfs' version okay white.,0
fucking cunt,1
anyways harry styles could call dirty spic id still munch asshole shame,0
@user @user @user yes feel like right wingers would would leftist @url,1
picture told thing black girls called nigger rejecting @url,1
hard watch. cunt cut it. beyond words @url,1
who's retard epic thought monsters good idea,1
@user @user @user @user @user us shithole world ignorant people ar @url,1
kavanaugh get rid illegal aliens,1
chinese restaurants black friday business tonight. least boston area..ching chong.,1
hey twitter nigger shit fuckibg bitch!!! fucking democratic libtard nigger lover!!!!!,0
hate people. hate think hate act...... everybody fucking retarded,1
@user @user go back shithole country grab pussy,1
@user yeah. youre scamming punk ass psych degree nigger woman.,1
fact someone called dyke wearing hockey gear @url,1
@user @user dont find credible feminazi women lie vicious nasty revengeful @url,0
@user going lie fascist american left right getting retarded me.,1
@user @user @user cringe still stealing peoples vernacular unoriginal faggot,1
@user fuck suicide male prostitute rubbish chinaman lee hsien loong imagining rubb @url,1
played kodak black last 8 songs girl came said must retarded like music @url,1
fuck nigger,1
#sunday @user can't discuss tragic case #asiabibbi wonder people suspicious #islam @url,1
@user obama ever call european countries shithole countries give childish nicknames opponent @url,1
fucking hate sonic drops coins valuable little cunt slow,1
@user i've friends girls borderline retarded lookingnit's person's personality wins,1
saying... tucker carson. cant say anything negro,1
women twitter really retard pack @url,1
remember used dyke word phone hg got mad blocked ass ,1
nigga dont fucking retarded @url,1
@user put mic retard,1
@user better faggot,1
@user exactly!! like he's baby small fact situation. clearly dyke i'm still mad lol,1
p.s. jethro trudeau always useless twat! @url,1
@user @user ching chong ding dong,0
@user never go full retard moron. guy hated trump.,1
war equal terrorism fucking mongoloid @url,1
thread retarded af ncheck fan page spams  @url,1
shutup spic @url,1
@user sorry hear experience mr punia :( try best keep aircraft spic span @url,1
baby daddy retarded bitch,1
opposed using word retard retarded would think ok use word libtard?!,1
quote @user ure ah fukin retardah social retard....,1
@user @user fuck suicide male prostitute rubbish chinaman lee hsien loong imagining h @url,1
guy actually said love koreans yeah im racist dont like ching chong music. @url,1
@user ching chong style,1
julio urias spic,0
@user they're hard know ching chong,1
okay white enough - talia lavin,1
really can't put level intelligence next semi-retard point ,0
booooooom smelly cunt time lufc bit luck fuck forest love leeds #lufc #mot @url,0
@user one gay retard,1
hate fucjing stupids ass fu king hick town man c nights fu king retarded still canes whole ass goinitxh,1
anyways intellectual creative nigger jumped joon today goodnight,1
@user nah nigger right,1
@user @user oh fuck silly twat,1
@user i've asked secure border protect us citizens illegal aliens. never ans @url,0
u r ugly retarded u stupid piece shit. flaming faggot. kill ur self @url,1
@user @user @user retarded.,1
spic sent message friends curious cat? _ sure gon beat ass? frien @url,1
@user remove kids usa test fire nukes. country mined shithole needs @url,1
 tweeters love words (30 days): spooky fuck play fate moist  bitch choice cunt whore coochie genuine cock @url,1
believe obligation stand immigrants state. -@user #ilgovforum,0
@user bro beeps boops cunt go oil ya robot fag,1
waking giants l great way start work week!!!  #eli #raghead,1
@user presents slow hammock stoned twat waving handful incense sticks around place,1
@user see even retard trump tweeted stupid roberts take hill! onl @url,1
@user epic tweet1,0
@user @user canelo still bounces big mongoloid,0
really dig stories immigrants coming usa making killing shit inspiring fr.,1
@user retard tranny spic show good,1
california candidate governor promises free health care illegal immigrants latest push financial @url,1
hate every cunt planet swear,1
@user kys faggot one likes,1
@user way reason come terms #antiwhite political correctness retards. @url,1
@user twat,1
ima let negro bc really got fucked &amp; know better !!,1
@user @user @user there's always twat certainly massive one @user,1
@user yea they've played ass off. can't win sec full retard qb,1
@user @user @user ok retard,0
@user @user jesus teacher must mongy,1
@user ohhh think something along lines go back country stupid stuff like,1
care american families care illegal aliens families. lasted wha @url,1
looks intelligent!nfirst time came know someone retard like @user described intelli @url,0
@user @user waste graceful white filthy refugees.,1
give bite nigger,0
@user u pvm gp instead gambling arena like retard something #pvm,1
shit retarded inverse always applied matter dumb meme left right lit @url,1
@user @user @user @user sound retard democrat. literally files moron. par @url,1
literally waited red light five minutes i'm fucking retard,1
@user @user @user yes politically motivated terrorist white.... leftist,1
remember drink + gamble responsibly otherwise end like twat gn @url,0
cannot understand usa let dangerous leftist soros sit everyone knows behind @url,0
@user @user shut fuck retard,1
u juul ur faggot,1
alec :) _ retarded (: @url,1
grandma called faggot today that's new low,0
mass murdering mongoloid i've always done pretty well ladies. always comment bedroom ey @url,1
@user i'm even offended anymore jkfsd like jokes literally went typed ching chong unironically,1
fucken hate customers come store 5 mins closing try shit on. fuck cunt wanna go home,1
bts fans mongoloid @url,0
@user @user @user anal retarded mongoloid fuck animal danger @url,1
@user i'm surprised dems suggested make shithole countries us colonies @url,1
hate retarded asshole. died never aloud walk earth! @url,1
well maybe i'm faggot america!ni'm part redneck agendannow everybody propagandanand sing along age paranoia,1
@user @user @user @user ripley someone who'd illegal aliens getting smuggled in.,1
hope yas enjoy getting tripled. maybe next time actually back fuck outta lobby ya twat. @url,1
@user fucking faggot!,1
@user @user yeap....spic wet.,1
@user @user dirty raghead.,1
@user @user people shithole countries come here? - trump nnhe @url,1
10 minutes faggot,1
@user michael - live one 'shithole' countries tell caravan respective @url,1
@user everyone means say okay white,1
@user go back country! oh wait already there. country now!,1
@user @user shooter nazi leftist terrorist palestinian sympathizer...,0
pretty sure r iphone xr stands retarded,1
@user crazy people get offended words though. could give zero shits someone called spic @url,1
@user yea that's said. apparent social media 5news ran someone retarded close it.,1
@user @user claimed leftist? asked vox would retract @url,0
12 illegal immigrants criminal convictions fraudulently claimed @url,1
fucking retard hate older people *claps 4 times* -john mauer 2018,1
boyfriend looks like dyke,1
@user @user @user great goal. going anyway twat..,1
@user good luck semi day ya hibs cunt,1
canadians believe refugees treated better pensioners. case @user shows. @url,0
country shithole nn#usa attacking people #computing #torture #brainrape @url,1
well job job activist ally immigrants lgbtq community...,0
@user @user @user @user stop eating shit better health.n#mongol,1
@user ahahah wtf u he's @user pax messaging cunt @url,1
require certain level nigger @url,1
people living shithole countries throw stones. #treeoflifesynagogue @user,1
white gringxs like saying office bad better calling spic :,0
panic attack imagining buying red dead redemption release day soon retarded tu @url,0
@user get cord mongoloid,1
lily really best dyke ever,1
@user think retard tbh success twitters made automatically post discord many use @url,1
god doesnt make people retarded chuck norris does.,1
aye offense faggots gotta call faggot,1
yo album still trash faggot @url,1
okay forgive u- u spic ;) @url,1
@user confederacy would likely shithole country.,1
may blackboard @user mongol pencil @user may padpaper @user bondpaper @user  @url,1
anyone watches movie mid90s faggot cap movie whack af lol,1
@user @user yeah long west ham fans ok .fuking retard,1
talk according cristiano challenge:nkoke:you're faggotncristiano:i'm billionaire @url,1
@user another eu country becomes muslim migrant shithole,1
also want know done monstrosity cunt needs disappear x,1
pl faggot,1
hahaha grow faggot @url,1
hate spoiled twat ugh.,1
@user dont speak ching chong bing bong sorry,1
@user @user @user @user @user @user ca turning total shithole @url,1
chinaman issue dude. i'm talking drawing line sand dude. across line yo @url,1
@user early gab awesome maga sad see whole thing wither die one giant retard moshpit cringe.,1
@user thnk u spic flair,0
twisted tuna aye  fucking faggot,1
right cuz people fleeing shithole countries made sure pack iphones could check tw @url,0
@user watching 'negro orfeu' (black orpheus',1
im ultimate spic grew little village beaner ass ranch drug lord abuelo ik gangb @url,1
@user @user @user still trying remember trump called haiti african nations shithole countries.,1
@user @user ima real...you try talk 20000 screaming mentally retarded adults cant even form @url,1
ugly depressed lonely faggot ,1
@user baseball analist ??? fuck retard !!,1
exams passed collage thank fuck never go mongy place cheeky pay rise @url,0
he's retarded @url,0
okay white.,0
@user @user retarded cant research...then sure right... @url,1
@user @user @user called nigger one time,1
@user stay away shithole countries focus kashmir,1
@user okay white!,0
@user @user @user criticise australia shithole. like @url,0
non kpop fans call chinese ching chong ch*nks see nobody outside east asian fando @url,1
@user @user trump voice:nmy friend chinaman longer us #chanded,1
means el salvador can't create well-run society. course people want leave shithole countrie @url,1
dave roberts retarded motherfucker hope fire dumb ass. dude still thinks plays @url,1
khadi blocked main account cause clocked dyke ass supporting xxxtentacion,1
want drain useless faggot. right now. love seeing tributes hitting bank  reminds @url,0
i'm still spittin' like retard. niggas soft rapping leotards. -lil wayne,1
indian academic plagued left intellectual terrorism amount hue cry would impact unless restrict @url,1
@user humour female retard get tho,0
best expression dyke experience trying shove tampon applicatior trash without di @url,1
@user @user @user whatnskip funny fuck love him. he's retard he's legend,1
golden visas: wealthy immigrants abuse quebec's immigration pro... @url via @user,0
@user visited taiwan once!i hope go back country someday,0
15 mins netflix &amp; chill called faggot,1
@user anna got clue whats going mongy scouse bird love island asking yer @url,0
headline:nthat twat morgan talks sense change.n@url,1
@user @user @user @user @user,0
@user what's spic_,1
@user @user @user @user guy said slaves immigrants.,1
okay white,1
@user @user he's correct gonna retarded. music could fit guide line. generation rap shit,1
@user cohen said ching chong first thing came mind,1
@user good thing lives california! need money illegal aliens. least 50% @url,1
@user mt mongol,1
@user exo said fuck nigger lives left,1
@user lmfaoooo bro faggot losers thing minny miracle,1
people like - mouthy straight white cis male leftist loudmouths - especially high target list @url,1
@user @user @user joya negro gatoo avisen,1
young negro stay focused.,1
@user obviously cunt even know teams history,1
mongoloid ordered 9 dozen donuts 8 called back see sell craft coffee,1
@user @user @user tamilnadu all. even good immigrants suffer self-centere @url,1
call spic shit least u calling,1
eminem apologising saying faggot apu written simpson's  snowflakes winning,1
retarded looking disturbed lunatic.nthrow ocean brick tied ankle. nnfood fis @url,1
@user mongy little twats bucket hats pretty green lap though. idiots.,1
dis dyke finna get feminized backword,1
@user @user i'm middle aged. love white women. okay white.,1
feminazi sluts prosecuted false accusations publicly defame @url,1
etes-vous daccord avec bernard kouchner qui dit que  nous devrions prendre plus de migrants  @url,0
attempt made bring sort accountability (njac) mongol like raid across @url,1
black youtubers: demonetized say nigger ????? really wanna say nigger channel,1
@user i'm fairness help every umpire mids prem full retard went au @url,1
@user im racist. mom good negro friend example. thx! #bslunch,1
@user ugh u cunt,1
wanna call nigger whole chest block meike bitch @url,1
neophyte nigger: nonsupervisory yet roving,1
mr drabu snobby twat are! @url,1
@user feel like fat cunt,1
los quise fucking retarded,1
@user ninja that?!  seriously guy literally retarded. every likes show @url,0
@user @user @user shame england. discriminate caribbean black immigrants.,1
@user okay giving benefits illegal aliens? ary okay working illegally? ar @url,1
would beat chink faggot @url,1
@user back 70's taught correct term retarded bad word mongoloid. changed.,1
time moving slow. i'm already impatient person naturally..this retarded,0
thinking put nigger @url,1
calling faggot talking there's difference gays faggots gay guys l @url,1
nothing makes laugh harder niggas call black people nigger blacks,1
@user said group message called basically retarded ain't even dodgers fan lol. simple,0
give past hour i've trying take decent picture eyes keep coming retarded,0
follow back retard @user,1
two types chinaman bowlers. one kuldeep rest others. kuldeep miles ahead others,1
#taylorgangor get ur teeth fixed dr. faggot,1
much target... $phx went full retard. @url,1
fucking retard. nnorban lukashenko putin proved nationalism without bullets.nnyou're insane. @url,1
@user @user what's wrong black u retard,1
open letter lord hain. fair questions tangoed twat. #hypocrisy #snakesbelly @url,1
takes guts stand rights appear retarded.,1
fucker go headless win game. fucking faggot,1
man's cunt! sorry use word he's dead set cunt! @url,1
@user @user bowls chinaman scrambled seam too. rarely bowls chinaman ball landing seam,1
gentle reminder: atrocities nation states fix accept refugees yours.,0
need move hot country immediately honestly think survive another winter depressing shithole country,1
decency left shithole country richard spencer able stick hand @url,0
dont b retard see body language. gesture respect. @url,0
hate word dyke much holy fuck,1
appear mad bomber van cleaned spic-and-span got arrested?,1
@user tell mongol stick donkeys summon lion's,0
@user well wasp settled country everyone go back country origin...if @url,1
@user another mongy twitter account shaun report racist remarks jus @url,0
christine concert dyke party mostly um,1
@user @user stop tweeting go back country. tourist kenya controlling economy.,1
@user shut retard,1
@user ill dress black face chinaman savage injun whatever want to! america horseface!,0
certainty prognosis: horrid mongoloid,0
@user @user fuck stupid retard,1
@user @user islamists allied every leftist terrorist movement absolutely n @url,1
thierry henry john terry... ask he's massive fucking cunt @url,1
@user look feminazi. dont believe listening single word pathetic hop @url,1
@user @user mean come shithole countries?,1
globalistsndrug dealers criminals rapistsnthese animalsnshithole countriesnamerica firstnvery fine @url,1
@user bitch ain't even muzzie u afghan terror camel,1
rrrrrrly dont care im cunt,1
@user causal spooky retard ,1
stop pleasin' strangersninstead fam'ly twat!,1
twat? @url,0
@user yeah cunt. going far bites. needed,1
@user @user many lawyers like keyamo shithole country!,1
he's taking kindly nigger far.,1
@user @user witch muslim country shithole? #crickets,0
@user yeah baby mongy,1
republican controlled congress voted every gun control bill put forward insufferable cunt. @url,1
i've ridden many countries even shithole ones.nnonly accidents saw drunken fuckwits.nnwhat's opinio @url,1
cashew glade: mongoloid three-headed,1
german mayor sets example welcome refugees cj @url,0
wealthy would-be immigrants told lie assets intentions  even identity | cbc news @url,1
@user thanks retard ,1
#swedish feminist (they retarded dangerous)nnin 2017 7200 rapes reported police @url,1
@user @user @user hypocrisy retard anyways how's johghyun doing?,1
@user @user happy bday @user gay faggot !!,1
@user u dad fucking retard,1
@user director must retard,1
@user might ask wife play clip tonight. might mongy sports stars call giving 110%,1
@user @user bout responsibility provide every citizen every shithole country. fix @url,1
@user @user @user really want go there? lol...either sheltered ignorant twat @url,1
@user @user @user read called mongoloid acted one.nnnow @url,1
altered original dyke-esque costume b slutty bc tristan inspires b whore n he's eve n going @url,1
much interest benghazi murders? even care raghead.journalist? nah gun @url,1
justin trudeau promising continue welcome #syrian #refugees @url,0
going pippi longstocking halloween event tonight bc shes ginger wears dyke attire fit criteria,0
know i'm cooked start acting retarded ,0
never called kike dirty jew @user began campaign. hateful rhetoric ha @url,0
little suspicious able catch hapless rube one day?,1
parar anorexic mongol.,0
@user @user @user @user libtarded faggot,1
thoughts allen _ baby boy!!!!! he's cool better sa guitar pero sa vocals hinde mongoloid siya. h @url,1
@user @user outrageous!!!!!!!! outrageous!!! youre going illegal aliens (because thats wh @url,1
baby told beautiful bare face nigger twist @url,1
@user that's twitter retarded remember bush obama years. we've @url,1
@user jfox retard ,1
@user let anyone shithole countries right mushroomdick?,1
defining countries shithole encouraging reporters slapped around groping women celebri @url,0
pitchblende radius: mongoloid superindividual,1
@user them: might probably says nigger one around,1
using word retard form great way make lose huge amount respect you.,0
'daniel o'donnell bono.' bono's fucking insufferable robbie twat. would anybody wanna aspire lik @url,1
msnbc 7 bombs sent democrats conspiracy mongoloid right dirt bags. bombs tack therefore fb @url,1
rules break fucking mongoloid. simply retweeted/like shit allowed website. twitters @url,1
@user @user love negro!!!!,1
information @user absolute twat reason sjws told deserve get gaybashed ju @url,1
@user 6/28/2018. four illegal aliens accused kidnapping raping two teenage sisters 13 1 @url,0
@user yes retarded leader paper tiger.,1
@user @user @user family reached full retard @url,1
@user fuckin retard,1
@user yeah lucky watermelon uncultured twat,1
@user chinaman issue,1
@user retard,1
type ball playing nigger dont want around yo daughter nah @url,1
egg also meet specific measurement device good luck retard,1
(i reclaim retard dont get mad),1
@user hey jim ever lose job could always go back country(cuba) take job mini @url,1
legally say 'ching chong ping ling',0
can't stop laughing expect shithole call nigeria investors come zoo called @url,1
many us could keep spic n span kitchen lived 8000+ feet without electricity tap water @url,0
@user @user @user dress halloween (retard anger issues) ugly cunt,1
@user @user wonder spic gets it?,0
@user @user economic asylum thing. neither country shithole asylum. nnhow @url,0
hurts go back country speak language people ask live abroad accent,1
@user stat sheet fucking mongoloid.,1
@user ethnic estonian nationalist follows constitution retard.,1
@user rastice bitch add fagot sucks cock dam day night fucking faggot,1
man: oh stop feminazi,1
d-rats feminazi abortion devils came trolling carloads cash. despicable! @url,1
@user country invaders turn dystopian shithole? ,0
dodgers manager absolute retard,1
@user well leftist terrorist would learn behave white terrorism issue,1
@user we're it. prepare accordingly. we'll come retarded marxist tailspin we're - @url,1
today party girl said retarded hot compliment dude ever top blushing did.,0
@user dont mean like liver dysfunction yellownlike chinaman yellow,1
think possible @user even shameful @user war mongol @user @url,0
@user nigga retarded lmfaoooo gon record then? protools iphone?,1
series even better knowing machado likes use faggot insult.,1
@user true! theyll go ching chong ching chong like even funny making fun people name la apa la god pls :'),1
said faggot loud guy shocked got preachy use word (we're @url,1
@user @user retard,1
@user @user fast forward section unfunny twat,1
happy birthday liyaaaaah!!  thank much everything spic gurl  enjoy daaaaay di pwude ang sad @url,1
@user oh sorry explain smth knew say know twat i'll back ,1
@user @user ching chong,1
also retard think otherwise @url,1
@user hmm okay case take care twat,1
sign true calling cutting grass spic lmao  @url,1
literally called spic accused anchor babies ....,1
@user u take aggression lady behind me? giant twat,1
@user called people shithole countries rapists murderers vehemently stating mi @url,1
say bf continue send dick pics heinous cunt,0
@user swear .. white people fucking retarded ...,1
@user @user first b12 fucking mongoloid nnsecond yes,1
@user number leftist extremist terrorist/mass shooters eclipses number right.nyour contenti @url,1
amazing clean call today dancers  spic spoc ready weekend shows! @user ,0
@user calling people insensitive! that's best tweet day.. daft cunt,0
#feminization #coercedfem #faggot #sissification #sluttraining watch clip @url @url,1
yep. thinking back whole feminazi movement started. woman may hire potential w @url,1
omg tea! using terms hurt offend used sorry idc retarded  @url,0
@user also getting medical advice twitter even retarded getting webmd,0
okay white #auspol @url,1
nigger @user ...happy birthday man hope enjoy day . . one greatest thabo . .a @url,0
people waste time arguing covenant rules group retarded.,1
muncy replaced pinch runner mongoloid sloberts?,1
@user die nigger,1
@user lmao how? ching chong culture?,1
@user retard till ,1
@user @user course _spic!,0
@user called faggot stole wall burger king bathroom,1
find faggotnnnnyou can't? that's faggot @url,1
maybe i'm retarded,1
dyke nation? @url,1
@user @user @user generally use term retard using words @url,1
@user laughed retarded man is.,1
@user &gt;tfw spic @url,1
@user @user @user well agree mary. tweet joke. stephen twat @url,1
cunt. @user report blasphemy? @user @url,1
@user @user ok ching chong,1
sir fucking cunt! @url,1
wayne collab decaying negro,1
@user @user @user cunt,1
@user queue fucking retarded makes everyone feel like even chance make fcfs fucksake,1
videos grandpas fat gay fucking gay grandpas negro gay masturbation peperonity gay fetish pics,1
@user literally 5 minutes vote twat farage said good morning britain 350million thing lie.,1
spineless twat criticizing countries keep #mirgranthoardes woman raped stre @url,0
@user what's epically flat note must retarded something,0
problem frank? faggot? hey go eat mothers asshole out. hey - fuck fuck f @url,1
truly fucking baffles people genuinely fucking think saying ching chong ling lang ding actuall @url,0
@user james bountrogiannis faggot,0
@user welcome twitter club known as.. reported far left retarded cry baby..! @url,1
@user rather clear thinknnhe'd rather chinaman would different reason,1
okay really americans fucking mongy @url,1
ces migrants qui veulent sinvestir pourleurope @url,0
peanut butter m&amp;ms say faggot,1
absolute mongoloid gtfo lmaooo @url,1
britain 2018. third world shithole.nna country sharia leaders cut clitorises baby girls wi @url,1
get fucking grip mongoloid @url,1
@user @user @user yournnextndognshitnretard @url,1
@user ching chong ching chong?,1
@user faggot,1
@user fucking retard,1
@user @user @user @user kevin looks like twat ,1
@user @user @user 1) merkel leftist center right christian. 2) fee @url,0
@user actual fuck? raging cunt.,1
@user seasoned politician business mongol atiku abubakar answer problems. let's get nigeria working again.,1
many boards could mongols hoard mongol hordes got bored?nn~calvin &amp; hobbes,1
nyaa said shhh side nigga calling n told gts retarded,0
similarly white supremacists saying okay white making innocent statement white people @url,0
article infuriating yet insightful one many ways undocumented immigrants vul @url,0
@user delete account horrible twat,1
hate term illegal aliens #htgawm,1
retard,1
can't real tweet especially faggot. way jose. @url,1
@user @user i'm saying calling shithole countries shitholes shithole bad make @url,1
supposed deter giving one lmfaoo....and @user nigger capitalizing sentence using @url,1
@user faggot,1
boy harass girls clubs fucking twat,1
@user many  absolute retard,1
.@user spic,1
increase much dyke is? like babies dykes take pics iunno i'm drawing wherever,0
that's exactly millions refuse travel us. included. i'd rather visit shithole country wher @url,0
@user @user even called country shithole people shithole people. sad.,1
@user @user tricked saying spic,1
disgusting attention seeking twat! @url,1
supposed 5 minutes dumb cunt,1
@user @user that's retarded thing ever seen twitter.,1
maybe lardio nigger,0
im calling army cute nigger society,1
#feminazi,1
flux mean faggot fucks cant find boyfriend! #fluxisamotherfuckerandabitch,1
#xfactor2018 twat panel plastic yank voice ? ffs annoying sound i've ever @url,1
selling dvds hahahaha shop gonna hate woman counter mongy cunt anyway deser @url,0
@user *insert ching chong ping pong meme ( hahaha funni funni' surname pronounced li @url,0
@user support crackdown illegal immigrants... numerous reasons.... wall? wont stop anyt @url,1
libye: plus de 100 morts dans le naufrage de deux bateaux de migrants @url,1
@user @user explaining defend illegal aliens citizens? @url,0
@user tipping bar stupid spic,1
@user ok hobi spic,1
@user migrants.7z,0
@user @user nice projection faggot,0
@user @user @user u talkin tae ?? stupid cunt know ur place,1
fat mongy mess today ,0
@user @user retard,1
wow. twat @url,1
@user nyou must always think country way swedish shithole.,1
@user @user i've using mongoloid lot lately. imbecilic really punch i' @url,1
@user twat nuts,1
stream men asked opinion cunt @url,1
@user big dyke energy,1
keep mind.. call faggot spanish mean can't still understand you.,1
2018 know people sitting jail right weed. shit breaks heart. shithole country.,1
@user @user @user whatever u say spic ( ps. im actually latino),0
cunt progress bint tpa talking one rule oneone another. near fucking choked coffee.,1
picture called faggot said homo @url,1
cuz walk around like nigga finger trigger nigger want smoke ill aim liver (boom) @url,1
white guy really called spic,1
want raise taxes take guns let illegal aliens country kill unborn children.,0
debate 40m people. gvt answer bring 20m immigrants. beggars belief @url,0
would like see certain unification eastern world mongoloid races people european eastern rac @url,1
hey cupcake shooter terrorist extremists leftist anti trumper... anti leo thoughts noted. th @url,0
@user called asked someone speaks english cause like spics answer phone called wetback,1
i'm forced deal retarded people everyday.,0
@user love you!!! huhuhu miss u ching chong,0
bigot old english (&amp;german) means god. god im bigot.i aint afraid filthy faggot queers.i love @url,1
trump incites hate daily blames #pittsburgh victims guns. shithole! ...trump reacting @url,1
@user @user fled country impending shithole status i'm sure european countries w @url,1
look leftist terrorist like guy shot @user softball game compar @url,0
gator chomp faggot shit i've ever seen life.,1
@user alright alright spic.,1
shut nigger @url,1
ucla library girl really made point said ching chong ling long ting tong,1
told big time! look @user guess real_alexjones wrong retard all? @url,1
he's twat. @url,1
@user one chromosome manynmongoloid mongoloidnand determined could seenand wore @url,1
@user cant understamd shit ching chong,1
@user @user @user mooooooom! immigrants broke laaaaaawwww,1
pretty sure employee philip green called 'balding racist sexist twat' would perceived dismi @url,1
tweeted last one. doubling cunt. @url,1
know meaning word  respect country turned shithole @url,1
mate hope wellnntranslation;nncunt idea finish online conversation,1
united gonna ruin fuckin sunday what? lukaku better get dropped shit cunt.,1
sons fucking mongy cunt ya ming @url,1
@user actively enjoy dim witted mongoloid?,1
@user @user @user @user @user actions speak louder mexican rapists shithole countries @url,1
@user shut raghead.....,1
@user @user looks like mongol turkish sister's widding. son atagaymal erdogan. lol,0
old outdated say retarded gop mentality paranoid ideas brainwashed citizens americans visce @url,1
i'm going well informed global economics astrophysics consulted retarded sewer dwelling chimp i?,1
scomo biggest faggot madden historyhe bashes everyone anything madden @url,1
rape #120db violent. west democracies trying resist radical islam violent immigrants enforcing ex @url,1
cum eye ball faggot dickhead fucking cunt slut cakes,1
instead saying immigrants threat national security need acknowledge plenty @url,0
hetero guy: faggot bet wanna suck dick nnme: @url,0
nyc shithole country god quickly destroyed rudy build shameless @url,0
@user @user @user ching chong ling ling,1
@user be. because: i'm faggot. like dick. hard?nyou dancing around sa @url,1
@user call illegal aliens voting !,1
@user text back faggot,1
@user fuck faggot,0
@user cheap cunt,1
@user wish well twat!,1
dumbasses really think i'm hurt call chink ching chong whatever bish i'm even hurt lmao,1
@user @user shut retard @url,1
@user no. accepting integration illegal aliens communities.,1
dis dyke finna get humped,1
@user yeah mongy farmers,1
@user @user @user specific socks sandals probably worth whole wardrobe mongol,1
ryan cunt,0
@user dumbass would literally called spic everytime blinked ,1
@user @user tfw try emotionally blackmail nation retarded inspire som @url,1
@user shit piss fuck cunt cocksucker motherfucker tits fart turd twat delete bc obscene af,1
@user @user that's actually retarded,1
general guy committed act hurt cause help it. total futility retard rage @url,1
ta said wanted chinese food girl kept repating ching chong told racist said @url,1
@user @user part hates meme i'm lazy stop retarded,1
know negro tight leash. hes hoping score coon points maga gets busted. @url,1
@user @user really thought man retarded though ,1
piers morgan fucking faggotnwe know thisnjust point n laugh,1
fuck bitch yuh gana regret lying fucking retard,1
@url debating different economic systems models go full retard claiming hy @url,1
#737 what's 8-letter word retarded'? -cavemanengi,0
@user icicle twat,0
anytime decide like woman fr take dance bachata week idk spic instincts,1
@user @user mongy humour,0
cp3 socked nigga retarded  @url,1
drunk cunt ,1
patronised faggot i'll smoke u like weed,0
pinoy talents hope hired. minimum requirements:n- look like mongoloidn- voice sounds like turkeynkad @url,1
@user @user lying because.... ahhh liberal feminazi. gotcha!,1
@user @user front group abetting flocking illegal aliens country. good riddance.,0
@user said chinaman,1
200 years tradition welcoming immigrants around world given us tremendous advantage,1
upsetting many leftist jews msm trying blame trump actions every single deran @url,1
unironically believe weed cures cancer retarded.,0
@user @user blood jesus  ching chong @url,1
@user @user see ching chong,1
team can't win ws mongoloid idiot manager charge pitching simple that.,1
paging dr. faggot...,0
i'm proud member retard gang,1
@user still fucking twat,1
one wants 2 negro swan,1
ching ching chong chong dookie dookie,0
@user @user @user personally im sick billions thrown st refugees. secure borde @url,0
daily dose ching chong ling longs @url,1
@user @user expect anything mongol scum? @url,1
tried play telling hot guy bar. nice try faggot i've seen you.,1
@user course feminazi's roll one other. frauds!,1
bet there's feminazi silil's comment talking wow bafana would day,1
@user fuk u ya fukin pussy ass bitch. go home faggot ass bitch. yo momma watch ya podcasts. #fuku,1
maybe called spic today  @url,0
@user jesus thats also awful. nah one read fellaini repping cunt dick. i've love @url,1
thats big nigger @url,1
@user faggot..,0
i'm getting fucking fat joke !! nothing cos lazy cunt,1
@user forget shithole countries,1
@user stick rag round head shut cunt up. still bad enough we've gotta endure shite song twenty years later,1
guy needs control alt delete self fuckin dirtyyy arrogant uneducated cunt wow @url,1
land immigrants one alien simply latest arrival.,1
niggas sipping retard juice .,1
@user @user @user @user @user called raghead first. @url,1
sabarimala dialogues &amp; debates female menstruation shocking us mongoloid people. person thi @url,0
@user lol. called twat you? :d,1
ugly cunt lol,1
@user scottish dialect hahahahahaha spelling like spastic dialect mongy,1
@user @user tranquilo pe mongol ctmre.,0
1/1024th middle eastern leftist they'd calling largest terrorist attempt since 9/11.nnbut @url,1
@user @user cultural refugees even assault,1
@user twat scott mills dig something water said he's never heard radio 1 normal @url,1
@user @user probably weeb faggot,1
patiently waiting day mayo head balls call spick wetback.,1
@user feminists worth nut thats nigga showing feminazi girlfriend close euthanasia,1
spic ass make j balvin concert next week imma upset fuck,0
..... swaggy retard,1
@user @user damn ching chong. memes pretty bad. maybe perkz comes back get better,1
whole okay white thing created expose hate white people inclu @url,1
@user name ching chong indi (chinese version ayush man bharat) would accepted.,0
thats point nigger @url,0
@user il va emmener quelques migrants avec lui ?,1
@user made angry. cunt.,1
@user @user native americans caucasian mongoloid. next.,1
@user buncha people shithole countries coming bring economy free healthcare. @url,1
@user truly coming america seek asylum proudly waving flags shithole @url,1
sort mongy comes 2 half hour train journey w headphones . cba,0
@user @user nah handle truth went like retard damaging cause @url,1
@user better call mongy retards ,1
wow thought there's one retard. turn there's more. time clear list,1
u see colonialism right?? i'd blast writing vmin getting lost mongol shobhajatra ppl w @url,0
thete nrrd call corina cunt! need!!,1
@user agree totally. word retarded politically incorrect that's would call dave roberts,1
@user good anhur man bad luck zhong kui mid retard,1
@user looks spic span want go,1
fuck ching chong siopao dimsum shit sa question 3 ???? cant understand cant c n e x u l z e kasi vague,1
he's refugee middle eastnor shithole countrynhe cross us border caravannhe's n @url,1
@user matt stop labelling people far right. biased left liberal snowflakes twat shouting dismissi @url,1
@user @user retard explained isnt drama,1
relatively respected &amp; trusted country turned total shithole need larger populate @url,0
@user @user parody one thing twat funny.,1
@user spic speak see?,1
@user wear one retard,1
@user use retard ,1
street smart faggot. 'smart' counts cadillac. never happy house 2003 @url,1
retarded. okay perfect.,1
man fucking retarded needs mental evaluation. i've never seen someone obsessively hateful towards @url,1
@user @user @user @user @user definately receiving twitter top twat th @url,1
@user @user @user #florida shithole country. yeah part usn3 killers @url,1
like remember iconic nigger tweet,0
fuck orange twat @url,0
y'all can't friends harass call spic go ahead flex twitter boo  @url,1
blah blah blah call retard different different viewpoints. that's easy way cen @url,1
twat @url,1
@user uhm ?! need explain making wrong say gook chink spic mick heb common disc @url,1
@user @user pretty much hes little dick faggot needs ass beat reality check ain't shit,1
@user dads twat look like him. break homes well prick. ,1
africans immigrants. arabs immigrants. asians immigrants. however europeans expat,1
@user calm doon soup taker could eat apple letter box,1
@user @user @user @user true shithole countries wanna know why?? @url,1
@user que ce ne soit pas des burundais refugies alerte car leur corps sont visibles loeil nu,0
@user oh no! leftist feminazi threatens vote republican! spitballing i'm pre @url,0
@user @user fact freakin ridiculous. kemp mongoloid,1
@user @user @user well say wants immigrants blue eyes call us shithole countr @url,0
yale study undocumented immigrants - truth!,0
@user waiting trophy hunting twat come along shoot him.,1
@user diversity general eurafrica particular (((the economist's))) greatest strength,0
trailer curse la llorona called wetback spic. watching trash.,0
@user @user losely quote trump/trumpers. dont need immigrants - vietnam country. @url,1
@user fuck defector.nla garbage town garbage fanbase.nalso fuck ginger-bearded twat turner.,1
discernible skill give visa here. sorry want people shithole countries @url,1
@user shut face slap ass call dirty jew! im stoked!,1
@user shit sooo retarded,1
@user reread shit illiterate twat,1
coffee &amp; donuts 420 someone got high time thought revolutionary thing - nigger please. @url,1
@user @user turning away refugees kind? ignoring sick kind? using campaign funds pay @url,0
feeding food convenient herfor pass earth: saffronbreathing mongoloid skinsygni g @url,1
nicki's powerful! call c*rdi tell retarded is!  @url,1
ring chong ching ching chong chong ching,1
illegal aliens need shipped home!,0
@user country turning shithole. desperately need political change,0
@user dudes started pulling eyes back started yelling ching chong once. outraged,1
bitch shut yo retarded ass looking like great value nipsey hussle. @url,0
l'aquarius cherche un port pour accoster avec 11 migrants libyens @url via @user,0
border trash coming in!!!. go back come from. @url,1
@user wonder they've cutting rush limbaugh's supply with? moral retard. period. @url,1
 either crazy retarded thin line separates could ,0
@user gonna go steeres mongoloid,1
@user mean smart enough leave 3rd world shithole came credit cre @url,1
put gun cunt. fucking brave eh tiger? that's get @url,1
@url hear sick leftists aka democrats want bring migrants/illegal @url,1
learn speak ching chong  um @url,1
tory twat @url,1
streaming fortnite retard come chill (6/10 subs) hit subbbbbbbn@url appreciated n@user,1
@user @user ok faggot.,1
@user darlin yo yes spic inglish,1
think communists despise white people capitalism went full retard less okay @url,1
guess folks 3rd world (dare shithole) countries luck huh? @url,1
master get knees tributenmaster khaled needs cock worshiped #slave #cuck #faggot @url,1
@user @user @user @user russia could become civilized mongol hordes invaded.,1
@user @user yes shut ching chong chinaman,1
@user @user saying basic human right people shithole countries flood @url,0
@user look relatives asia mongoloid. many fair haired blue @url,1
wow watching documentary evidence sexual assault cases.. wonder rapists believe whatev @url,1
@user faggot needs get knocked,0
um faggot 6 letters flopped,0
@user @user tonys coming fake ass ching chong boy,1
@user lmfao tell cunt look elsewhere,1
literally heard co worker cuss boyfriend phone calling retard fat fuck like tak @url,1
@user @user faggot ,0
@user @user f*** would retard block create ultimate account harass you? retard,1
@user @user hellbent ching chong communists want oppress anyone isn' @url,1
harlem shake excuse go full retard 30 seconds.,1
@user i'm oprah winfrey. oprah singing faggot,1
@user could cia knows do... wouldnt first time raghead muslim extremists used @url,0
2017 right-wing terrorist attacks outpaced leftist islamic terrorist attacks. 2x many ri @url,1
stopped probably cause i'm genius retard time,0
#pedo speak 'hotdogs' means little boys.nnso muslim faggot @user imported bunch black kids chi @url,1
@user .... roofe pen either?nnfuck cunt.nnwe enough win game. fact we're takin @url,1
@user @user @user @user hildebrand twat pure simple.,1
ever fuck asian girl fucking mongoloid,1
@user omg ching chong found child :0 #pedohours,1
bro ! tweeted caught. border line retard conned fedsnn@url,0
people say immigrants need go back country always fucking easy. peoples ca @url,1
game glitched cunt complete challenges like 4 times actually count,1
wyd afghan faggot im bored _ looool. i'm watching netflix @url,1
@user retarded thing i've ever heard life. senator feinstein unqualified job. vote leon,1
never use childhoodgo back country nigerian @url,1
@user that's saying u retard,1
anyone getting pissed man u fans one tweet need stand down. one stupid twat looking fame. @url,0
look retarded fuckstick @url,0
@user omg babe thank ,0
@user boyfriend 24 man old twat one inch dick ya pc faggot lol lol follower @url,1
13 year old called faggot jdjsskaksja simulation glitching,0
austin bought chocolates... negro ate them. at?,1
listen excuses. msm worship orange turd matter nasty is. grab pussy shithole cou @url,1
anyways imma take nap there's fascists everywhere shithole country hope die yeehaw ,1
@user spic got eye u ingrates,1
@user stunning.nthis guy actually retarded.,1
ngl never laughed hard random ching chong video depicting unfortunate events. wait it. @url,0
@user fake empowerment men people,0
anyone actually believe him? 24 hours contemplation faggot already changed mind: it' @url,0
@user @user realize hate comes #shithole gives idiots fuel. yo @url,1
@user @user i'm spic say build wall!!!,1
@user @user canada control borders mongoloid. shoulders poland.,1
one trying bust valenzuela mexico. hmm... could shithole countries?,1
notice fucking looks pearce's foot sizes step. whatta cunt. get fuckhead outta mlb. @url,1
got banned called desiinger retard,1
@user boutta hit raghead tire shop zane ,1
get car quick love. want make twat minute. @url,1
@user i'm glad read silly spic like ever attain hold entry level jobs swing ham @url,1
faggot scene grand budapest hotel probably hardest i've laughed movie,1
damn retarded ,1
@user @user used immigrants prop fulfill view world. bingo.,1
people always say black people africa i'm falkland islands fuck off.,1
@user trump would press win argument shithole countries. i'm sure adults le @url,1
cunt fucking laugh? cost 370 fucking joke  @url,1
@user thank much. another shithole country full violence hate arrogant @url,1
@user game looks absolutely retarded even,1
easily turn straight boy cock thirsty cum addicted faggot. nnblack cock is.nnn#findom @url,0
nowt worse buying pizza tastse like stale pisssy fart twat,1
disruptive thing bitcoin retarded shit bitcointalk.,1
sheck wes nigger,1
wow side girl guy dyke gf &amp;amp; enjoy twitter unforgettable bops ever. happy,0
@user @user @user oooft ya cunt  cant belive still photo haha x,1
@user faggot,1
18. enter illegal aliens. @user used model created bay area politicians like @user repl @url,0
nice people without judgment. cunt sweet asshole laugh @url,1
truely little mongy! .  @url,1
'sink swim' common phrase streets nairobi. work a** go back country.,1
3rd 1. fucking coaches learn snap shot gun??? fucking retard #pokes,1
@user payne (chalk)bagley lal/pho fair priced jrich looks spic...wesley chucking everything right now. ganna wild slate,1
@user @user @user babe ruth dirty jew,1
@user i'm retarded thought fucking cabbage,1
retard @url,0
@user felt killed bujy  faggot,1
@user definition shithole country,1
ice arrested immigrants came forward take undocumented children,1
@user &amp; mongol go talk brick wall none give shit time greece grows backbone &amp; @url,0
@user fuck u spic,1
david warner right royal twat hughes family blaming anything freak accident @url,0
kyo retard nlike fuck,1
@user joven wedding night: wanted pencilnvicente: i'll buy mongol factory younjoven:,1
@user nigger,1
@user dave retarded putting scott alexander madsenn 1 run lead put jansen w @url,1
get ice cream rolld slo faggot,1
use word retarded derogatory sense piece shit lol,1
can't wait boo theme tune later lads big european nights about! mongy fuck,0
take away passport plus want see get plane shithole country @url,1
happy birthday mau @user wish best stay ching chong wouldnt know survive last @url,0
@user love mindset label people 'bloke hating feminazis'.,1
soon racist called spic hit bleeding eye.. love song @url,1
@user @user bts: *performs kpop song*nantis: people idolize ching chong group cant even un @url,1
tom zanetti faggot i'll clear dance floor time song comes lad,0
fuck zombie apocalypse never gonna happen! ni'm worried 'thick cunt' apocalypse already upon us!,1
@user stop giving twat attention. obvious clout chasing,1
grandma teach children spanish reason immigrants refuse learn/speak english fe @url,0
*deep slave nigger sigh*,1
@user career criminal chinaman regular talker mention audibly enough last quarter 2014 al qaida @url,1
escaped hans got kidnapped mongol n#ohno,0
@user fuck retard,1
@user @user @user fucking retard npc. 97/3? poll showed odds calculation @url,1
@user what's worse? orange' mongy celebration ,1
@user @user ching chong ching ching jackie chan,1
palabek refugee settlement centre - lamwo district host 31173 south sudanese refugees #uganda,0
would play (excuse me) retarded/stupid people feel comfortable? nah. treat everyone accordingly.,0
 gimme break gimme break. break piece fat retard  @url,1
keep getting different signs different ways &amp; like god looking like wow.. send another one bitch retarded,1
haha cunt paid talk shit let moment #dicksucker @url,1
what's mongy lads liking picture insta trying talk immediately get lost!!!!!!!,0
@user don... fucking made cry twat.,1
update: #bucks 6-0 manny machado still twat.,1
yeah leave alone faggot!!!!!! @url,1
@user migrants bring disease death properly vetted,1
sorta cunt must owe someone money blatantly avoid giving patching texts etc going nigh @url,1
niggas getting beat dukes dyke girlfriend saying got much testosterone ,1
fucking retarded,1
@user maybe listen thy light one actually cares retarded opinions. @url,1
@user though ur ching chong brother ,1
@user @user open mongol,1
twat? gary twat ,1
@user @user @user hahaha fucking cunt... know what's worse. joking terribl @url,1
@user @user south africa years come. keep supporting loud mouth poli @url,1
big boy carl blocked saidnterf derogatory term faggot is. neither used/nh @url,0
iconic.. factual! best thing slothy little cunt said long time merry saturday filthy ani @url,1
@user @user word dude two retarder cousins...better mongoloid,1
fuck i'll listen africa toto want,1
@user @user awe retarded....,1
@user @user aggressive toward best girl fucking mongoloid,1
..why illegal aliens allowed mobile phones? @url,1
@user @user illegal aliens?,1
baby gonna pop retarded nigga,0
les migrants sont une richesse pour leurope! typhus abdominal,0
@user talk retard,1
@user @user must faggot,1
nigga didnt realize fox news negro thought talking shit white women would ok @url,1
@user shooting totally leftist setup attack second amendment rights. find perps @url,1
mitch mcconnell affair shithole countries!,1
verstappen bad start crashes twat ricciardo 1st vettel 2nd @url,1
@user @user @user @user gee noreen twat it.,1
@user @user @user @user @user obvious ching chong. suppose abuse animal something,1
@user @user @user yes u uneducated spic,1
@user true report today said 22 million illegal aliens us @url,0
awe.. retarded @url,1
#shitholecountry leave?nnoh yeah....because shithole country overran @url,1
p.spic @url,0
@user youurre retarded,1
@user @user @user @user sorry question retarded answer.,0
change ur @user fucking mongoloid @user,1
@user called shithole countries trump .,1
&gt;if people truly matter even one retarded hold much importancennthey @url,1
another false flag attack antifa leftist mobnnno one could expected man pictures @url,0
got chinaman's chance.,0
@user suck spic balls ,1
@user fucking nigger try kill bet dont cause youre p u hahaha white nigger com @url,1
@user @user twat shot sleeping  lion,0
@user @user wow real. drivers issue. uber gets retarded time goes,0
orchestrated feminazis! christine ford feminazi lawyer mx katz ranking feminazi @user @url,1
@user @user @user @user @user better,0
@user @user ur demo believing retard!,0
oh well try hard shithole countries-maybe someday happen!,1
unrestricted immigration people coming soon turn country shithole left @url,1
@user blow complicit twat like world's rancid queef @user nnyour dad's extra- @url,1
tweeting asking time awful cunt!!!! #jussayin,0
@user u streamong injun vs retard dick measuring contest,0
@user needs remind @user one million polish immigrants flooded britain sent 23 bill @url,1
@user @user comment baseless retarded.nndid conveniently forget david headley @url,1
dope new gospel - lighter flick. soul beat. win. fire already. keep mind i'm negro / open min @url,0
@user @user @user can't believe spic n span van survived wearing make @url,1
he's right... lets kick every alt-right retard da balls... got noth'n anything. nfree shot @url,0
@user violent variety faggot,1
@user @user lmao deleted tweets spic related &amp; beaner related.,0
@user i'd assume nonce like say retard. harsh,0
yu white nigger,1
i'm gay i'm faggot shut fuck up.,1
@user mexican spic dora,1
@user ole fiend lame ass negro lol,1
@user thought love diana rossnn*dresses like chinaman*nnwho like sweet sour chicken?,0
wow... becoming shithole country. @url,1
bitches say crazy really retarded,1
shut fuck up. worry country 11 people murdered dumb twat @url,1
@user @user ...... calling faggot clapping cheeks nigga,0
call u faggot,1
get drunk feel retarded :/,1
@user @user he's fucking racist attention seeking cunt.,1
love cute little twat,0
@user three four years ago america shithole country. now.,0
@user throw water fellow caster lil' faggot. professional.,1
mum offered pink ticket asked new coffee table instead.... like  #mongol,1
bombings shootings president mental capacity flea... united states clearly real shithole country.,1
retarded bastard actually using bomb threats sent people oppose suggest conspiracy @url,1
negro got sample deposition album!,1
cunt would walking away @url,1
charlie sloth mongy cunt,1
may words #immigrants motivate allies act.,0
@user hurry faggot wanna see,1
@user @user @user okay white family loves you.,1
man leave one week first twat nut,0
whodever invented ben fowler forgot spooning coz cunt sskinny ass fuck,1
@user bro call spic already know u wanna,0
@user think youre kind person would hear someone say im *illegal* immigrants. come @url,0
pretty much would let gemma know fat cunt shoes gave something @url,1
@user @user yeah used call friends gay retarded time. i'm piece shit ,1
@user @user @user push back leftist professors like #billayers writing @url,1
another season dicking mongy teams 6-0 championship next year then.,1
actually love mongy mackem face @url,1
@user @user imagine basing policy religion. sounds retarded me.,1
girl go dress like mongol pencil halloween since used #2 nnlouder people back!!!!!,1
tammy bruce: foreigners bring disease across border - washington times @url,0
fuck would raghead know british?nnsadiq khan claims there's 'nothing british' trustin @url,1
@user @user oh cool. love dragon ball man! favorite sasuke ching chong shit.,1
found yet another liberal retard.  @url,1
@user according fox immigrants card carrying members ms-13... like evil hombres. @url,1
@user disgrace wants trash us make another shithole country.... @url,0
@user celzy said cos retard,1
@user @user know borzoi chinaman right?,0
africa shithole full africans. south america ditto. arab countries fare better due oil @url,0
dawg rondo fucking retarded,1
democrats want give brett kavanaugh due proces rights want give illegal aliens possible due pr @url,1
@user @user @user answer question home u spic,1
@user god damn fucking retard obviously know fucking saracasm either fucking bitch,1
@user stop talking retard....he fade obscurity,1
@user lord wants us make world better place. can't country becomes shithole.,1
ready accept fate fucking cunt made way,0
@user come captain i'm repping you. i'm retarded right now. #supportthetroops @url,0
free? why? _ bc government cunt @url,1
@user retard movie like movies. like bit,1
@user (shithole countries sons bitches bleeding whatever sleepy eyes grab @url,1
rappers say faggot&gt;&gt;,1
@user @user lemon husband jealous!!! buntch retarded clowns ,1
@user guy says slaves immigrants,0
#nyc #newyork #newyorkcity #art #artist #gay #faggot #pouredpaint #acrylicpainting #acrylicpouring #queer #dark @user n @url,1
pinche mames wey!!!! ugh fucking orange cunt stupid af!! @user yea @url,1
friend's boyfriend asked ching chong real word...no dipshit stereotype wtf ?????,0
...why trash australia make another shithole country.... @url,1
@user @user almost mueller time shithole (term used referring 3rd world countries)!!!,0
homie gloria pulled me. place finna spic &amp; span folded drawers  hate cleaning,0
africa ya know place shithole countries located @url,1
@user @user would break heart. america advanced ins many ways conversely retarded w @url,1
stuck leicester retard train driver got mistaken identity fuck sake wanker,1
tu sauves des migrants @url,0
@user funny leftist always projecting morals people. giving billions terror state @url,0
@user retarded,1
who's serving today faggot #findom,0
bag shit republican cohort office country remain shithole! #vote @url,1
@user @user @user follow dirty jew,1
@user shit retard aint got clue hes,1
house passes resolution blasting cities allow illegal aliens vote certain elections @url via @user,1
come serve faggots. messages open. looking new faggot fill space wallet. #findom @url,1
one day work 3:30 morning fucking calf decided go full retard @url,1
@user @user @user @user @user loved called faggot every second funny,1
fukk kanye faggot ass nigga. @url,0
@user calling shithole countries immigrants coming countrie @url,1
@user @user indian giver racist offensive many natives words like kike spic jap etc. @url,1
saddest anime cus he's retarded,0
@user yup pretty much. i'm leaving shithole country.,1
keep mind im negro/so open mind got screen door! #impressive #carterv,0
shoulda asked recite quentin tarantino dead nigger storage monologue,1
also apparently apu simpsons morejust goes show retarded day age,1
red sox going win world series guys like devers pearce meanwhile loser @user retard @url,0
kid begged life please kill me. i'll anything. i'm sorry called spic @url,1
america go official bankruptcy quicker due many illegal aliens:,0
negro said nabiha?!?! even gonna sound smdh...,1
bro tiktok created shits retarded ads put ig makes wanna die,1
uploaded new episode el niito negro de william blake #spreaker #blake #lectura #poema #poesia @url,1
invite someone home without knowing are. lettin illegal aliens vote ? @url,0
@user kinda looks like raghead tbh,1
@user @user both. skilled human driver save retarded ai job yet. com @url,1
thank fuck get vardyaubalacca tearing enjoy sitting bench vardy yr shits mongy fucker ,1
@user paris. november nigger,0
big 37-20 oof @user faggot @url,1
still crush you.... _ dm faggot i'm lonely @url,1
said something shithole countries? mean sending pipe bombs political opponents happens shith @url,1
fucking faggot,1
got head like dyke got head like @url,1
@user @user @user chris spic. glad he's gone.,1
let rot shithole chose. never ever ever let near country @url,0
@user ching ching chong rootbox ohhh got youtube money!!!,0
lanie posted im single im dyke god good get ready shitposts hey lanie hope u still notifs ily,1
sorry time earls mom yelled called furry faggot,1
public dinosaurs private dinosaurs. faggot.,1
@user wtf gym king phone little twat,1
@user @user trans male mongoloid woman's event. goes @url,1
fck whatever retard put thinking remotely way anythingnnwhat fckn disgrace @url,0
seems odd good ol @user would go nears radical leftist 1995 given fact ayers @url,0
@user yes should. doubt she'll it. another self absorbed feminazi attention whore. @url,1
@user support sanctuary cities criminal illegal aliens credibility governor ameri @url,1
@user @user @user bad morally pay retard jumped @url,1
#dodamage slogan unbelievably stupid. every offense's goal damage. gives mongoloid boston f @url,1
free shit? explain. @user wait said happily let racist white people call wetback spic. @url,1
according people leftist persuasion mongol invasion china simply misunderstood; rea @url,1
@user @user still dont believe @user nigger take outwee need investigate thing,1
@user looks like he'd call dirty spic hair long &amp; blonde ,1
@user @user hey retard 4 injured killed,1
murderer president?!?!? nnhas president murdered anyone?nnyou're mentally retarded need eva @url,1
photographer - humana - 4 #portrait #rio_negro #argentina #strkng #photography #contemporary #bestof @url,0
game fucked shit shite shitty twat bastard game,1
faggot lady never fuck,1
@user lol ok sure. cunt ,1
@user tea retarded,1
@user @user happens anel retarded.,1
america pay back ching chong bing bong ass niggas @url,1
mongoloid's response @user pointing trump attempt president @url,0
@user @user @user retard,1
@user @user @user @user statesboro shithole twice big boo @url,1
im playing comp game actual buns cunt 9 bangs riot shields gotta fucking go,0
dont forget im negro /,1
cunt. dare send thoughts dead. shove sock husband's mouth. fomented v @url,1
buh? faggot boomer music racial boundaries?? epic....,0
@user one shithole countries right?,1
@user well parents liken'carikla ching chong guy college',1
@user omg...i'm feminist... feminazi i'm man comfortable man body,0
@user @user spic polach,1
@user shut nigger,1
@user @user @user gun violence law issue special kind retard illegal @url,1
@user retard and/or us federal asset also lolicon decided shoot synagogue. gab site @url,1
@user stop littering faggot,1
me: please support official releasenalso me: can't nintendo's cunt ports lik @url,1
@user @user @user retard twitter account looks like.,1
3. food bank director separated requests 2 stacks: locals &amp; immigrants. church respond? 1 @url,0
@user interestingly vanessa beeley mostly re-tweets vanessa beeley like narcissistic conspiracy theoris @url,0
@user called likes coyle moyes monk laudrup &amp; koeman daft twat. i'm glad club car @url,1
@user hes faggot dude can't stand people like,1
okay white celebrate australia day #auspol,0
everything better. cunt alive..,1
next yall. gop gonna ching chong ding dong 2024 @url,1
@user seeking support filmaker story negro yangaleader forgered revolt first black town free slaver @url,1
fuck dumbass bitch stupid ass idiot fucking crap load bullshit useless ass cunt headass asshole its-impossib @url,1
@user @user god hate feminazi's.,1
dont disrespect flag nigger.,1
lynching! wait. ok lynching deep state feminazi conspiracy! yeah that's it.,1
doesnt right? negro default,0
fuck ching chong @url,1
@user @user anime ching chong,1
@user gebby miss mongol japon ka?,0
@user @user @user can't say anything stem orange man. bad mongoloi @url,1
cunt smashed phone hand last night ,1
@user wait shithole countries? thought left believed people cultures countries equ @url,1
@user sion titanic hydra steraks demolition mastery retarded broken virtually unb @url,1
41 years ago today child born. parents feared worst (for second thought mongoloid). @url,1
@user lmfao shut cunt unfollow,1
queen latifah  missy elliot  king diana typa stem dyke energy,1
@user fucked uk fucked (because i'm twat)' @url,1
@user tbh long u look mf retarded idc personal lives ppl want ya @url,1
@user say what? refugee? mexican? shithole country? (debatable now) ms-13?,1
people actually take pride shameful history countries soliciting white immigrants whiten soc @url,1
refugees sent back libya? | stream @url,1
smelly psy blk mom tryin tu send retard kid blk goons car nights sleepnnthe leader smelly @url,1
@user bro that's expected sparred mf pace retarded.,0
@user follow back spic,1
timer starts faggot ,1
watching charles twitch like taking care retarded child. ever let go hand gonn @url,0
foh mongoloid bitch @user,0
people say grinch leak fake incineroar ain't literally retarded,1
least he's consistently cunt #trump #pittsburgh #unfittobepresident #unfitforoffice @url,1
@user @user @user @user democrat strongholds essentially shithole countries own.,1
+you're faggot harry.nn-i'm a... what?!nn+harry faggot.nn-i'm what?!nn+a foggot harry.nn-i'm faggo @url,1
@user know what. dont hire couple thousand peole fly shithole countr @url,1
finally japanese songs longer typical ching chong sound,1
@user @user lives hollywood works buzzfeed; shocked combination produces mongoloid?,1
leitung literal fucking retard people follow either hate every popular thing follow h @url,0
children = 52% refugees,0
@user @user know english retard. appreciate heads,1
fucking retard man sad  @url,1
@user care moral voters; want liberals illegal aliens ms13...,1
goblin slayer fucking retarded,1
